asin,brand,browsenode,colour,crawl_timestamp,delivery_type,discount_percentage,medium,image_name,meta_keywords,name_of_author_for_books,no__of_offers,no__of_reviews,no__of_sellers,other_items_customers_buy,parent___child_category__all,product_details__k_v_pairs,product_name,product_url,rating,sales_price,sales_rank_in_child_category,sales_rank_in_parent_category,seller_id,uniq_id,weight
B07STS2W9T,LA' Facon,1968255031,,2020-02-07 05:11:36 +0000,fulfilled_by_merchant,,https://images-na.ssl-images-amazon.com/images/I/51Wj2WownyL.jpg,images-na_ssl-images-amazon_com_images_i_51wj2wownyl_jpg.png,LA' Facon Cotton Kalamkari Handblock Saree Blouse Fabric 100 cms Black Base Dancers (Cotton),,,,,Cotton Kalamkari Handblock Saree Blouse/Kurti Fabric 100 cms - Base Dancer Print - Red Colour | RJFabrics Women's Printed Cotton Fabric (2.5 Meter Length 43 Inch Width) | Cotton Kalamkari Handblock Saree Blouse/Kurti Fabric 100 cms - Multi Base Dancer Print - Maroon Colour | Cotton Kalamkari Handblock Saree Blouse/Kurti Fabric 100 cms Black Colour - Multi Base Dancers Print | Cotton Kalamkari Handblock Saree Blouse/Kurti Fabric 100 cms - Hand Print - Cream Colour | Cotton Kalamkari Handblock Saree Blouse/Kurti Fabric 100 cms Red- Budda Print | Cotton Kalamkari Handblock Saree Blouse/Kurti Fabric 100 cms Black Colour - Multi Base Dancers Print | RJFabrics Women's Printed Cotton Fabric (2.5 Meter Length 43 Inch Width) | SanDisk 128GB Class 10 microSDXC Memory Card with Adapter (SDSQUAR-128G-GN6MA),"{'ClothingAccessories': '#19,259', 'WomensKurtasKurtis': '#1793'}","{'Item_part_number': 'Devi face', 'ASIN': 'B07STS2W9T', 'Date_first_available_at_Amazon_in': '8 June 2019', 'Customer_Reviews': '5.0 out of 5 stars 3 customer reviews', 'Amazon_Bestsellers_Rank': ""#19,259 in Clothing & Accessories (See Top 100 in Clothing & Accessories) #1793 in\xa0Women's Kurtas & Kurtis""}",LA' Facon Cotton Kalamkari Handblock Saree Blouse Fabric 100 cms Black Base Dancers (Cotton),https://www.amazon.in/Facon-Kalamkari-Handblock-Dancers-Lehenga/dp/B07SWVSRPP/,5,200,{'WomensKurtasKurtis': '#1793'},"{'ClothingAccessories': '#19,259'}",,26d41bdc1495de290bc8e6062d927729,999999999
B07WJ6WPN1,LOVISTA,1968255031,,2020-02-06 11:09:38 +0000,fulfilled_by_merchant,,https://images-na.ssl-images-amazon.com/images/I/31Gd40UmBTL.jpg,images-na_ssl-images-amazon_com_images_i_31gd40umbtl_jpg.png,"LOVISTA Cotton Gota Patti Tassel Traditional Printed Kurti with Pant,Angrakha Salwar Suit,LOVISTA",,,,,"Stylum Women's Cotton Floral Print Straight kurta Pant and Dupatta Set | Khushal K Women's Cotton Kurta With Palazzo Set (Light Pink) | Bae's Wardrobe Women's Rayon Printed A Line Kurti, Palazo Pant and Dupatta Set - Red White | Sanganeri Kurti Womens Cotton Embroidred Kurta With Printed Pant Set (Pink) | Fashion Forever Women's Cotton A-line Kurta and Plazzo (XL Size) Pink | Idalia Printed Flared Kurta Set | Fabista Cotton Printed Indo-Western Flared Kurta With Palazzo Set For Woment | Khushal K Women's Cotton Kurta With Palazzo Set (Light Pink) | Stylum Women's Cotton Floral Print Straight kurta Pant and Dupatta Set | Marlin Women's Cotton Kurti With Palazzo Pant Set (Light Green) | ZIYAA Women's Synthetic a-line Kurta | Meera Fab Women's Printed Kurta & Palazzo Set | Kurti Hub Women's Printed A-Line Kurta and Palazzo Set.","{'ClothingAccessories': '#1,050', 'WomensKurtasKurtis': '#91'}","{'Item_part_number': 'KUM-011', 'ASIN': 'B07WJ6WPN1', 'Date_first_available_at_Amazon_in': '16 August 2019', 'Customer_Reviews': '3.7 out of 5 stars 23 customer reviews', 'Amazon_Bestsellers_Rank': ""#1,050 in Clothing & Accessories (See Top 100 in Clothing & Accessories) #91 in\xa0Women's Kurtas & Kurtis""}","LOVISTA Cotton Gota Patti Tassel Traditional Printed Kurti with Pant,Angrakha Salwar Suit",https://www.amazon.in/LOVISTA-Traditional-Printed-Angrakha-Turquoise/dp/B07WH3SH25/,3.5,660,{'WomensKurtasKurtis': '#91'},"{'ClothingAccessories': '#1,050'}",,52e31bb31680b0ec73de0d781a23cc0a,999999999
B07X5M41BJ,Forest Club,1968097031,Black|Blue|Grey,2020-02-06 08:14:03 +0000,fulfilled_by_merchant,36%,https://images-na.ssl-images-amazon.com/images/I/417-zhcsWiL.jpg,images-na_ssl-images-amazon_com_images_i_417-zhcswil_jpg.png,Forest Club | Gym Wear | Sports Shorts| Shorts for Men | Smooth Breathable Fabric | Shorts with Pocket Zippers | All TIME WEAR |,,,,,"Forest Club | Gym Wear | Sports Shorts| Shorts for Men | Smooth Breathable Fabric | Shorts with Pocket Zippers | All TIME WEAR | | Forest Club | Gym Wear | Sports Shorts| Shorts for Men | Smooth Breathable Fabric | Shorts with Pocket Zippers | All TIME WEAR | | BARKEYO Men's Polyester Shorts for Gym/Jog/Yoga | Amazon Brand - Symactive Men's Sports Shorts | TRINITY JEANS COMPANY Men's Cotton Basic Shorts | BARKEYO Shorts - Performance Shorts for Running, Training and Gym. Lightweight, Moisture Wicking and Quick Drying | Forest Club | Gym Wear | Sports Shorts| Shorts for Men | Smooth Breathable Fabric | Shorts with Pocket Zippers | All TIME WEAR | | Forest Club | Gym Wear | Sports Shorts| Shorts for Men | Smooth Breathable Fabric | Shorts with Pocket Zippers | All TIME WEAR | | VEGO Men's Black Cotton Shorts (HS-4040-BLACK-ROYAL) | CHKOKKO Men Solid Active Wear Round Neck Regular Dry Fit Stretchable Yoga Gym Sports Tshirts | CHKOKKO Men Active Wear Round Neck Regular Dry Fit Stretchable Yoga Gym Sports Tshirts | BARKEYO Mens Polyster Training Gyming Shorts Designed for Exercise/Jogging/Running/Printed Sports/Cycling/Workout/Yoga Pants and All Fitness Activities","{'ClothingAccessories': '#4,399', 'MensShorts': '#30'}","{'Item_part_number': 'FC_NONLYCRA_PATTI PIPING', 'ASIN': 'B07X5M41BJ', 'Date_first_available_at_Amazon_in': '29 August 2019', 'Customer_Reviews': '4.7 out of 5 stars 4 customer reviews', 'Amazon_Bestsellers_Rank': ""#4,399 in Clothing & Accessories (See Top 100 in Clothing & Accessories) #30 in\xa0Men's Shorts""}",Forest Club | Gym Wear | Sports Shorts| Shorts for Men | Smooth Breathable Fabric | Shorts with Pocket Zippers | All TIME WEAR |,https://www.amazon.in/Forest-Club-Sports-Breathable-Zippers/dp/B07X7GFCYR/,4.1,350,{'MensShorts': '#30'},"{'ClothingAccessories': '#4,399'}",,73fd23f631d4434fd4a41ecc1b9f5eed,999999999
B07H9RCVHQ,PrintOctopus,1968123031,Black|Navy Blue,2020-02-06 04:00:23 +0000,fulfilled_by_merchant,,https://images-na.ssl-images-amazon.com/images/I/41-t1F0%2BHgL.jpg,images-na_ssl-images-amazon_com_images_i_41-t1f0_hgl_jpg.png,"PrintOctopus Graphic Printed T-Shirt for Men Chill T-Shirt | Hindi Quote T-Shirt | Half Sleeve T-Shirt for Women | Round Neck T Shirt | 100% Cotton T-Shirt | Short Sleeve T Shirt,PrintOctopus",,,,,PrintOctopus Graphic Printed T-Shirt for Men Hindi Funny Quote T-Shirt | Bro T-Shirt | Half Sleeve T-Shirt for Women | Round Neck | 100% Cotton T-Shirt | Short Sleeve T Shirt | Full Sleeve T-Shirt | PrintOctopus Graphic Printed T-Shirt for Men Pitcher Abhi Baki Hai Tshirt | Beer Tshirt | Half Sleeve T-Shirt | Round Neck T Shirt for Women | 100% Cotton T-Shirt | PrintOctopus Graphic Printed T-Shirt for Men Hindi Slogan T-Shirt | 100% Desi T-Shirt | Half Sleeve T-Shirt for Women | Round Neck T Shirt | 100% Cotton T-Shirt | Short Sleeve T Shirt | PrintOctopus Graphic Printed T-Shirt for Men Panda T-Shirt | Funny Hindi Quote T-Shirt | Half Sleeve T-Shirt for Women | Round Neck T Shirt | 100% Cotton T-Shirt | PrintOctopus Graphic Printed T-Shirt for Men Netflix and Chill T-Shirt for Women | Half Sleeve T-Shirt | Round Neck T Shirt | 100% Cotton T-Shirt | Short Sleeve T Shirt | PrintOctopus Graphic Printed T-Shirt for Men Funny Slogan T-Shirt | Foodie T-Shirt | Half Sleeve T-Shirt for Women | Round Neck T Shirt | 100% Cotton T-Shirt | Short Sleeve T Shirt | PrintOctopus Graphic Printed T-Shirt for Men Hindi Funny Quote T-Shirt | Bro T-Shirt | Half Sleeve T-Shirt for Women | Round Neck | 100% Cotton T-Shirt | Short Sleeve T Shirt | Full Sleeve T-Shirt | PrintOctopus Graphic Printed T-Shirt for Men Hindi Slogan T-Shirt | 100% Desi T-Shirt | Half Sleeve T-Shirt for Women | Round Neck T Shirt | 100% Cotton T-Shirt | Short Sleeve T Shirt | PrintOctopus Graphic Printed T-Shirt for Men Shit Got Real T-Shirt | Funny Quote T-Shirt | Half Sleeve T-Shirt for Women | Round Neck T Shirt | 100% Cotton T-Shirt | PrintOctopus Graphic Printed T-Shirt for Men Panda T-Shirt | Funny Hindi Quote T-Shirt | Half Sleeve T-Shirt for Women | Round Neck T Shirt | 100% Cotton T-Shirt | PrintOctopus Graphic Printed T-Shirt for Men Pitcher Abhi Baki Hai Tshirt | Beer Tshirt | Half Sleeve T-Shirt | Round Neck T Shirt for Women | 100% Cotton T-Shirt | PrintOctopus Graphic Printed T-Shirt for Men Panda Tshirt | Half Sleeve T-Shirt for Women | Round Neck T Shirt | 100% Cotton T-Shirt | Short Sleeve T Shirt,"{'ClothingAccessories': '#14,838', 'MensT_Shirts': '#817'}","{'Product_Dimensions': '10 x 10 x 1 cm ; 99.8 g', 'Item_part_number': 'CL-RN-ChillOut-DUMMY', 'ASIN': 'B07H9RCVHQ', 'Date_first_available_at_Amazon_in': '12 September 2018', 'Customer_Reviews': '3.9 out of 5 stars 4 customer reviews', 'Amazon_Bestsellers_Rank': ""#14,838 in Clothing & Accessories (See Top 100 in Clothing & Accessories) #817 in\xa0Men's T-Shirts""}",PrintOctopus Graphic Printed T-Shirt for Men Chill T-Shirt | Hindi Quote T-Shirt | Half Sleeve T-Shirt for Women | Round Neck T Shirt | 100% Cotton T-Shirt | Short Sleeve T Shirt,https://www.amazon.in/Graphic-Printed-T-Shirt-Sleeve-Cotton/dp/B07H9PNJ21/,3.7,288,{'MensT_Shirts': '#817'},"{'ClothingAccessories': '#14,838'}",,14d7d34c3cacd6c9ed1aa57f284e37ad,99.8 g
B07P43X53C,Peppermint,15966953031,,2020-02-06 11:43:27 +0000,fulfilled_by_merchant,,https://images-na.ssl-images-amazon.com/images/I/41XMF11QpBL.jpg,images-na_ssl-images-amazon_com_images_i_41xmf11qpbl_jpg.png,"Peppermint Synthetic Dress,Peppermint",,,,,,"{'ClothingAccessories': '#1,36,237', 'GirlsDressesJumpsuits': '#1820'}","{'ASIN': 'B07P43X53C', 'Date_first_available_at_Amazon_in': '25 February 2019', 'Customer_Reviews': '5.0 out of 5 stars 1 customer review', 'Amazon_Bestsellers_Rank': ""#1,36,237 in Clothing & Accessories (See Top 100 in Clothing & Accessories) #1820 in\xa0Girls' Dresses & Jumpsuits""}",Peppermint Synthetic Dress,https://www.amazon.in/Peppermint-Synthetic-line-Dress-L-RF-DRS-1192-9098_Offwhite_4-5/dp/B07NBQFWDC/,5,619,{'GirlsDressesJumpsuits': '#1820'},"{'ClothingAccessories': '#1,36,237'}",,87540e97ddd999f4986e56d964a6399b,999999999
B083Q45SS7,Jevi Prints,1968255031,,2020-02-07 08:15:43 +0000,fulfilled_by_merchant,,https://images-na.ssl-images-amazon.com/images/I/4167huYlHoL.jpg,images-na_ssl-images-amazon_com_images_i_4167huylhol_jpg.png,"Jevi Prints Women's Cotton Printed Straight Kurta (PRJ-617),Jevi Prints,PRJ-617",,,,,Jevi Prints Women's Red & Black Battik Readymade Cotton Kurta/Kurti (K-1612) | Jevi Prints Women's Traditional Cotton V-Neck Kurta | Jevi Prints Women's Black & Multicolor Geometric Readymade Cotton Kurta/Kurti (K-1632) | Jevi Prints Women's Cotton Straight Kurta | Jevi Prints Women's Red & Beige Readymade Cotton Kurta/Kurti (K-1225) | Jevi Prints Women's Cotton Printed Straight Kurta/Kurti (K-1109),,"{'Item_Weight': '240 g', 'Item_model_number': 'PRJ-617', 'ASIN': 'B083Q45SS7', 'Date_first_available_at_Amazon_in': '26 June 2018', 'Customer_Reviews': '3.0 out of 5 stars 1 customer review'}",Jevi Prints Women's Cotton Printed Straight Kurta (PRJ-617),https://www.amazon.in/Jevi-Prints-Womens-Straight-PRJ-617_XL/dp/B07F1SCKNV/,2.5,462,,,,72c61c06a56440e0d018cd61d5bc28c9,240 g
B07C4GBMGX,OLLI,1968128031,,2020-02-07 01:37:40 +0000,fulfilled_by_merchant,61%,https://images-na.ssl-images-amazon.com/images/I/51fcxubSr8L.jpg,images-na_ssl-images-amazon_com_images_i_51fcxubsr8l_jpg.png,"OLLI Men's Orange, Lex Purple, White Cotton Brief Innerwear (Pack of 3),OLLI",,,,,,"{'ClothingAccessories': '#15,33,470', 'MensUnderwearBriefs': '#8403'}","{'Item_Weight': '249 g', 'Item_part_number': 'OLLIBRPC030002', 'ASIN': 'B07C4GBMGX', 'Date_first_available_at_Amazon_in': '11 April 2018', 'Customer_Reviews': '5.0 out of 5 stars 1 customer review', 'Amazon_Bestsellers_Rank': ""#15,33,470 in Clothing & Accessories (See Top 100 in Clothing & Accessories) #8403 in\xa0Men's Underwear Briefs""}","OLLI Men's Orange, Lex Purple, White Cotton Brief Innerwear (Pack of 3)",https://www.amazon.in/OLLI-Orange-Purple-Cotton-Innerwear/dp/B07C4WW6S8/,5,499,{'MensUnderwearBriefs': '#8403'},"{'ClothingAccessories': '#15,33,470'}",,ebc448cca1427fe28ce4f14dd1817b19,249 g
B083ZKXVGN,Miss Chase,1968445031,Black|Maroon,2020-02-06 08:56:32 +0000,fulfilled_by_merchant,,https://images-na.ssl-images-amazon.com/images/I/41IN22JzGBL.jpg,images-na_ssl-images-amazon_com_images_i_41in22jzgbl_jpg.png,"Miss Chase Women's Solid Shoulder Cut-Out Half-Sleeve Round Neck Mini Dresses,Miss Chase,MCAW16D07-32-62",,,,,Miss Chase Women's Bodycon Dress | Miss Chase Women's Solid Quarter Sleeves Round Neck Mini Shift Dresses | Miss Chase Women's Crepe Skater Dress | Miss Chase Women's Black Mini Shift Dress | Miss Chase Women's A-Line Mini Dress | Amazon Brand - Symbol Women's Shift Knee-Long Dress | ADDYVERO Women's Cotton Skater Dress | ILLI LONDON Women's 3/4 Sleeve Knee Length Onepiece Skater Designer Dress | Rudraaksha Floral Printed Knee Length Dress for Women | The Dry State Women's Body Con Mini Dress | Miss Chase Women's Black Mini Bodycon Dress | Miss Chase Women's Cotton Shift Dress,"{'ClothingAccessories': '#80,144', 'WomensDresses': '#1768'}","{'Item_model_number': 'MCAW16D07-32-62', 'ASIN': 'B083ZKXVGN', 'Date_first_available_at_Amazon_in': '14 December 2016', 'Customer_Reviews': '3.5 out of 5 stars 12 customer reviews', 'Amazon_Bestsellers_Rank': ""#80,144 in Clothing & Accessories (See Top 100 in Clothing & Accessories) #1768 in\xa0Women's Dresses""}",Miss Chase Women's Solid Shoulder Cut-Out Half-Sleeve Round Neck Mini Dresses,https://www.amazon.in/Miss-Chase-Womens-Cut-Out-MCAW16D07-32-62-04_Black_Medium/dp/B01N1UUZIF/,3.7,669,{'WomensDresses': '#1768'},"{'ClothingAccessories': '#80,144'}",,46005e6f4f253e551ede9b580cf83b73,999999999
B07PYW9RRK,bebe,1968393031,,2020-02-06 22:23:31 +0000,fulfilled_by_amazon,60%,https://images-na.ssl-images-amazon.com/images/I/31luQW%2BeZKL.jpg,images-na_ssl-images-amazon_com_images_i_31luqw_ezkl_jpg.png,"bebe Women Burgundy Genuine Leather Slim Belt,Mikaya Brands PVT LTD, El-107, Abhinav Building, 1st floor, MIDC Mahape, Navi Mumbai, 400710",,,,,bebe Women Genuine Leather Slim Belt | Womens Adjustable Leather Belts Fashion Skinny Minimalism Waist Strap 7 Colors | bebe Women Genuine Leather Loop Design Slim Belt,"{'ClothingAccessories': '#8,43,899', 'WomensClothing': '#401014'}","{'Product_Dimensions': '100 x 2 x 0.2 cm', 'Item_part_number': '8902156626047', 'ASIN': 'B07PYW9RRK', 'Date_first_available_at_Amazon_in': '21 March 2019', 'Customer_Reviews': 'Be the first to review this item', 'Amazon_Bestsellers_Rank': ""#8,43,899 in Clothing & Accessories (See Top 100 in Clothing & Accessories) #401014 in\xa0Women's Clothing""}",bebe Women Genuine Leather Slim Belt,https://www.amazon.in/bebe-Women-Burgundy-Genuine-Leather/dp/B07PYW9RRK/,4,760,{'WomensClothing': '#401014'},"{'ClothingAccessories': '#8,43,899'}",A3358SX30MMD5C,61fa9b0189dad55556b420723b74de2d,999999999
B073R5DWSB,Colt by Unlimited,1968123031,,2020-02-06 03:41:12 +0000,fulfilled_by_merchant,,https://images-na.ssl-images-amazon.com/images/I/41TfxaPBU4L.jpg,images-na_ssl-images-amazon_com_images_i_41tfxapbu4l_jpg.png,"Colt by Unlimited Men's T-Shirt,Arvind Lifestyle Brands Ltd",,,,,Colt by Unlimited Men's T-Shirt | Colt by Unlimited Men's T-Shirt | Colt Men's Striped Slim fit T-Shirt | Colt by Unlimited Men's Plain Regular Fit T-Shirt | Colt by Unlimited Men's Plain Regular Fit T-Shirt | Colt by Unlimited Men's Solid Regular Fit T-Shirt | Colt by Unlimited Men's T-Shirt | Qube By Fort Collins Men's T-Shirt | Veirdo Men's Sleeveless Cotton T-Shirt - Multicolor | Ruggers by Unlimited Men's Casual Shirt | United Colors of Benetton Men's Solid Regular Fit T-Shirt | Qube By Fort Collins Men's T-Shirt | Colt by Unlimited Men's T-Shirt | Colt by Unlimited Men's T-Shirt | Colt by Unlimited Men's T-Shirt,"{'ClothingAccessories': '#2,15,633', 'MensT_Shirts': '#16576'}","{'ASIN': 'B073R5DWSB', 'Date_first_available_at_Amazon_in': '5 July 2017', 'Customer_Reviews': '4.5 out of 5 stars 4 customer reviews', 'Amazon_Bestsellers_Rank': ""#2,15,633 in Clothing & Accessories (See Top 100 in Clothing & Accessories) #16576 in\xa0Men's T-Shirts""}",Colt by Unlimited Men's T-Shirt,https://www.amazon.in/Colt-Unlimited-Mens-T-Shirt-8907542759149_272831027_XXL_White/dp/B073QSZSCV/,4.5,210,{'MensT_Shirts': '#16576'},"{'ClothingAccessories': '#2,15,633'}",,1dd67899322bd3ce64054ef24fd27ba4,999999999
B07MG5VTC8,C9,1968545031,,2020-02-07 02:27:02 +0000,fulfilled_by_merchant,,https://images-na.ssl-images-amazon.com/images/I/41sqKtinRHL.jpg,images-na_ssl-images-amazon_com_images_i_41sqktinrhl_jpg.png,"C9 Women Turquoise Active T-Shirt,C9",,,,,C9 Women Charcoal Active T-Shirt | C9 Active T-Shirt For Women | C9 Active T-Shirt For Women,"{'ClothingAccessories': '#7,92,502', 'WomensT_Shirts': '#15483'}","{'Item_part_number': 'PZ13654_Turquoise', 'ASIN': 'B07MG5VTC8', 'Date_first_available_at_Amazon_in': '10 January 2019', 'Customer_Reviews': '5.0 out of 5 stars 1 customer review', 'Amazon_Bestsellers_Rank': ""#7,92,502 in Clothing & Accessories (See Top 100 in Clothing & Accessories) #15483 in\xa0Women's T-Shirts""}",C9 Women Turquoise Active T-Shirt,https://www.amazon.in/C9-Women-Turquoise-Active-T-Shirt/dp/B07MT4DSZ8/,5,599,{'WomensT_Shirts': '#15483'},"{'ClothingAccessories': '#7,92,502'}",,c04251a1dd67a5bf4edab2cf734b3a46,999999999
B07K6PHHHM,PuJoy,1968256031,Black Based|Black Based 2|Black White|Blue White|Green Based|Green White|Marun Based|NabyBlue Based|Orange White|Orange and Black|Pink Based|Pink Purpel|Purpel White|Purple Based|Red Green|Red White|SkyBlue Based|Yellow|Yellow Based|Yellow and Blue,2020-02-06 19:58:48 +0000,fulfilled_by_merchant,77%,https://images-na.ssl-images-amazon.com/images/I/41xOAqSkkoL.jpg,images-na_ssl-images-amazon_com_images_i_41xoaqskkol_jpg.png,"PuJoy Women's Cotton Traditional Bengali Handloom Tant Saree with Blouse Piece (Black Based, Free Size),Pujoy",,,,,"Avik Creations Women’s Sambalpuri Handloom Banarasi Khadi Cotton Saree Orange Black | Pure Cotton 100% – Traditional Bengali Handloom Tant Saree – Very Soft Cotton Materials –""Jharna Saree Designed"" – With Blouse Picas | dB DESH BIDESH Women Khadi Cotton Traditional Bengal Tant Saree""Jharna"" Design With Blouse Piece (Green_Deep Yellow) | PuJoy Women's Cotton All Body Work Zari Fancywork in Border Traditional Bengal Tant Saree | Desh Bidesh Women`s Traditional Bengali Handloom Khadi Cotton Bengal Tant Saree Jharna Designed With Blouse Piece(Dbsare030319Wobhj2_Green Yellow_Free Size) | DESIGNER 100% PURE COTTON SAREE WITHOUT BLOUSE PIECE | dB DESH BIDESH Women`s Traditional Bengali Handloom Khadi Cotton Bengal Tant Saree Jharna Designed With Blouse Piece(Dbsare160219Wobhj3_Red And White_Free Size) | Desh Bidesh Women`s Traditional Bengali Handloom Khadi Cotton Bengal Tant Saree Jharna Designed With Blouse Piece(Dbsare030319Wobhj2_Green Yellow_Free Size) | Avik Creations Women’s Sambalpuri Handloom Banarasi Khadi Cotton Saree Orange Black | dB DESH BIDESH Women Khadi Cotton Traditional Bengal Tant Saree""Jharna"" Design With Blouse Piece (Green_Deep Yellow) | Pure Cotton 100% – Traditional Bengali Handloom Tant Saree – Very Soft Cotton Materials –""Jharna Saree Designed"" – With Blouse Picas | PuJoy Women's Cotton All Body Work Zari Fancywork in Border Traditional Bengal Tant Saree","{'ClothingAccessories': '#4,143', 'WomensSarees': '#289'}","{'Item_part_number': 'Pujoy05112018', 'ASIN': 'B07K6QJKR7', 'Date_first_available_at_Amazon_in': '4 November 2018', 'Customer_Reviews': '3.8 out of 5 stars 73 customer reviews', 'Amazon_Bestsellers_Rank': ""#4,143 in Clothing & Accessories (See Top 100 in Clothing & Accessories) #289 in\xa0Women's Sarees""}",PuJoy Women's Soft Cotton Traditional Bengali Handloom Jharna Design Tant Saree with Blouse Piece …,https://www.amazon.in/PuJoy-Womens-Traditional-Bengali-Handloom/dp/B07K6PHHHM/,3.5,420,{'WomensSarees': '#289'},"{'ClothingAccessories': '#4,143'}",ALBGM8FFNXZK2,2b1c8bedb40220c7312f0edeea2a31d2,999999999
B00X3OIY1C,Winza Designer,1968256031,,2020-02-06 09:16:13 +0000,fulfilled_by_amazon,79%,https://images-na.ssl-images-amazon.com/images/I/41PUEb5WGuL.jpg,images-na_ssl-images-amazon_com_images_i_41pueb5wgul_jpg.png,"Winza Designer Chiffon Saree with Blouse Piece (NECBLOUSE_YELLOW_2_Yellow_Free Size),Winza Designer,NECBLOUSE_YELLOW_2,Saree",,,,,Winza Designer Chiffon with Blouse Piece Saree | Winza Designer Georgette Saree with Blouse Piece | Winza Designer Chiffon Saree with Blouse Piece | Oomph! Georgette Saree With Blouse Piece | Winza Designer Georgette Saree with Blouse Piece | Anand Sarees chiffon with blouse piece Saree | Winza Designer Chiffon with Blouse Piece Saree | Perfectblue Women's Cotton Silk Saree With Blouse Piece (SilkiVariation) | Oomph! Women's Chiffon Saree for Women | Anni Designer Women's Georgette Saree | WOW Imagine Premium Leather Finish Inside TPU with Card Pockets Wallet Stand Shock Proof Magnetic Closure 360 Degree Complete Protection Flip Cover for Samsung Galaxy M30s (Chesnut Brown),"{'ClothingAccessories': '#1,67,860', 'WomensSarees': '#9452'}","{'ASIN': 'B077MCPPP8', 'Date_first_available_at_Amazon_in': '20 November 2017', 'Customer_Reviews': '4.0 out of 5 stars 22 customer reviews', 'Amazon_Bestsellers_Rank': ""#1,67,860 in Clothing & Accessories (See Top 100 in Clothing & Accessories) #9452 in\xa0Women's Sarees""}",Winza Designer Chiffon Saree with Blouse Piece,https://www.amazon.in/Winza-Designer-Chiffon-Blouse-NECBLOUSE_YELLOW_2_Yellow_Free/dp/B00X3OIY1C/,4.1,522,{'WomensSarees': '#9452'},"{'ClothingAccessories': '#1,67,860'}",AT95IG9ONZD7S,fef360a473bafb02f27f1208e8b8005b,999999999
B0759HPKCJ,kalpit creations,1968122031,Black|Bottle green|GREEN|NAVY BLUE|Pink|Red|WHITE|blackk|gray|light green|maroonn|orangee|royall|sky|yelloww|GREY|BLACK|MAROON|YELLOW|ORANGEE|ROYAL BLUE|Orange|Yellow|Grey|Blue|royal blue,2020-02-06 20:30:56 +0000,fulfilled_by_merchant,,https://images-na.ssl-images-amazon.com/images/I/41LlXsWjvQL.jpg,images-na_ssl-images-amazon_com_images_i_41llxswjvql_jpg.png,"kalpit creations Men's Comfort Soft Cotton Black Plain Polo Collar Half Sleeve T-Shirt with Solid Color,Kalpit Creations",,,,,T.N.X Men's Cotton Plain Polo Collar Half Sleeve T-Shirt (Available in Many Colours) | kalpit creations Men's Comfort Soft Cotton Plain Polo Collar Half Sleeve T-Shirt with Solid Color | Kalpit Men's Comfort Soft Cotton Plain Polo Collar Half Sleeve T-Shirt with Solid Color (Available in Many Colours) | Tnx Soft Cotton Tshirts for Mens Available in 2pcs Combo@525 & 3pcs Combo@699 only | Kalpit Men's Comfort Soft Cotton Plain Polo Collar Half Sleeve T-Shirt with Solid Color t-Shirts for Mens Available in Many Colours | Hanu Creations Men's Comfort Soft Cotton Plain Polo Collar Half Sleeve T-Shirt with Solid Color t-Shirts for Mens Available in Many Colours | Kalpit Men's Comfort Soft Cotton Plain Polo Collar Half Sleeve T-Shirt with Solid Color (Available in Many Colours) | Tnx Soft Cotton Tshirts for Mens Available in 2pcs Combo@525 & 3pcs Combo@699 only | T.N.X Men's Cotton Plain Polo Collar Half Sleeve T-Shirt (Available in Many Colours) | kalpit creations Men's Comfort Soft Cotton Plain Polo Collar Half Sleeve T-Shirt with Solid Color | Kalpit Men's Comfort Soft Cotton Plain Polo Collar Half Sleeve T-Shirt with Solid Color t-Shirts for Mens Available in Many Colours | UMAGRI All Season Classic Polo T Shirts for Men with Collar 2-Block Regular Fit Half Sleeve T-Shirt (Maroon),"{'ClothingAccessories': '#13,757', 'MensPolos': '#215'}","{'Product_Dimensions': '10 x 5 x 10 cm ; 249 g', 'Item_part_number': 'kalpit_polo_coller', 'ASIN': 'B0759HPKCJ', 'Date_first_available_at_Amazon_in': '31 August 2017', 'Customer_Reviews': '3.2 out of 5 stars 61 customer reviews', 'Amazon_Bestsellers_Rank': ""#13,757 in Clothing & Accessories (See Top 100 in Clothing & Accessories) #215 in\xa0Men's Polos""}",kalpit creations Men's Comfort Soft Cotton Black Plain Polo Collar Half Sleeve T-Shirt with Solid Color,https://www.amazon.in/Kalpit-Comfort-Premium-Cotton-T-Shirt/dp/B07DN1KTDZ/,3.2,249,{'MensPolos': '#215'},"{'ClothingAccessories': '#13,757'}",,8c8ef13b817747710eae99c1718c9be9,249 g
B07H9TTVNG,Pooplu,1968123031,Black|White,2020-02-06 17:35:29 +0000,fulfilled_by_merchant,,https://images-na.ssl-images-amazon.com/images/I/41W7VTVCw6L.jpg,images-na_ssl-images-amazon_com_images_i_41w7vtvcw6l_jpg.png,"Pooplu Mens Ajay Cotton Printed Round Neck Half Sleeves Black & White T.Shirt. Common Names, Symbol Tshirts,Pooplu",,,,,,"{'ClothingAccessories': '#5,72,237', 'MensT_Shirts': '#46580'}","{'Item_part_number': 'TVP-Male-P-Name-4', 'ASIN': 'B07H9TTVNG', 'Date_first_available_at_Amazon_in': '13 September 2018', 'Customer_Reviews': '3.0 out of 5 stars 1 customer review', 'Amazon_Bestsellers_Rank': ""#5,72,237 in Clothing & Accessories (See Top 100 in Clothing & Accessories) #46580 in\xa0Men's T-Shirts""}","Pooplu Mens Ajay Cotton Printed Round Neck Half Sleeves Black & White T.Shirt. Common Names, Symbol Tshirts",https://www.amazon.in/Pooplu-Printed-Sleeves-T-Shirt-Tshirts/dp/B07NMWSG6T/,3,399,{'MensT_Shirts': '#46580'},"{'ClothingAccessories': '#5,72,237'}",,152b7c5840ddc7ddd8b520a450930dcc,999999999
B07X8MR6PF,JORKK,1968122031,,2020-02-07 08:31:44 +0000,fulfilled_by_merchant,65%,https://images-na.ssl-images-amazon.com/images/I/41bGAb9j1RL.jpg,images-na_ssl-images-amazon_com_images_i_41bgab9j1rl_jpg.png,JORKK Men's Cotton Polo Neck T-Shirt.,,,,,"HILGAR Men's Half Sleeves Polo Neck Dry Fit/Matte T-Shirt, Regular Fit Casual T Shirt with Collar for Men | Concepts Polo Tshirt | Qube By Fort Collins Men's Polo | DEXTER Plain Olive Green Cotton Half Sleeve Polo Tshirt for Men | JORKK Polo Neck T-Shirt in Cotton Fabric | Tnx Men's Cotton T-Shirt | Allen Solly Men's Polo","{'ClothingAccessories': '#1,81,416', 'MensPolos': '#3286'}","{'Item_part_number': 'JRKPLYCOLLER01', 'ASIN': 'B07X8MR6PF', 'Date_first_available_at_Amazon_in': '2 September 2019', 'Customer_Reviews': '3.2 out of 5 stars 3 customer reviews', 'Amazon_Bestsellers_Rank': ""#1,81,416 in Clothing & Accessories (See Top 100 in Clothing & Accessories) #3286 in\xa0Men's Polos""}",JORKK Men's Cotton Polo Neck T-Shirt.,https://www.amazon.in/JORKK-Mens-Cotton-Polo-T-Shirt/dp/B07X9RFBDC/,3.2,279,{'MensPolos': '#3286'},"{'ClothingAccessories': '#1,81,416'}",,bb3f77aa8767e98e97d13abee8616ade,999999999
B07FNBK6Z4,nauti nati,15966953031,,2020-02-06 13:07:06 +0000,fulfilled_by_merchant,,https://images-na.ssl-images-amazon.com/images/I/41o9tIJDlXL.jpg,images-na_ssl-images-amazon_com_images_i_41o9tijdlxl_jpg.png,"nauti nati Girls' Midi Dress,Omega Designs PVT LTD",,,,,nauti nati Girl's Synthetic Trousers Suit | nauti nati Synthetic Dress | nauti nati Girls' Midi Dress | United Colors of Benetton Girls' Regular Fit Plain Jumper | nauti nati Girls' Regular Fit Overalls | nauti nati Girls' Midi Dress | A.T.U.N. All Things Uber Nice Cotton Empire Dress | A.T.U.N. All Things Uber Nice Girls' A-Line Mini Dress | Princess Colouring Book (Giant Book Series): Jumbo Sized Colouring Books (Giant Colouring Book Series),"{'ClothingAccessories': '#1,75,073', 'GirlsDressesJumpsuits': '#2315'}","{'ASIN': 'B07FNBK6Z4', 'Date_first_available_at_Amazon_in': '17 July 2018', 'Customer_Reviews': '3.2 out of 5 stars 3 customer reviews', 'Amazon_Bestsellers_Rank': ""#1,75,073 in Clothing & Accessories (See Top 100 in Clothing & Accessories) #2315 in\xa0Girls' Dresses & Jumpsuits""}",nauti nati Girls' Midi Dress,https://www.amazon.in/nauti-nati-Girls-Dress-NN272-580_Red_5Y/dp/B07FN4N15D/,3.1,401,{'GirlsDressesJumpsuits': '#2315'},"{'ClothingAccessories': '#1,75,073'}",,d1840cd449d694ea537c3654ce88f318,999999999
B078R1G5GP,7 ate 9 Apparel,1968013031,,2020-02-06 17:55:31 +0000,fulfilled_by_merchant,,https://images-na.ssl-images-amazon.com/images/I/41-QI4H41zL.jpg,images-na_ssl-images-amazon_com_images_i_41-qi4h41zl_jpg.png,"7 ate 9 Apparel Kids Fifth Birthday Unicorn T-Shirt 2T,7 ate 9 Apparel,LGSSFIVE03",,2,7,2,Edgewood Toys 24 Make A Unicorn Stickers for Kids - Great Unicorn Theme Birthday Party Favors - Fun Craft Project for Children 3+ - Let Your Kids Get Creative & Design Their Favorite Unicorn Stickers | 18 Pack Unicorn Headbands Party Favors Supplies Cat Ear Headbands Girls Plastic Horn Hairbands for Cosplay Party Birthday Party Halloween Christmas(18 Pack) | Laeacco 5x3ft Photography Background Unicorn Birthday Party Photo Backdrop Background Watercolor Flowers Roses Cute Stars Smiling Face Baby Shower Unicorn Head Sweet Pink Girls Photo Portrait Stduio | French Toast Girls' Long Sleeve Peter Pan Collar Blouse | 30Pack 6in Grosgrain Ribbon Hair Bows Baby Girl's Clips Large Big Hair Bows Clips For Baby Girls Teens Toddlers | Learning Resources Geosafari Jr. My First Microscope,,,7 ate 9 Apparel Kids Fifth Birthday Unicorn T-Shirt 2T,https://www.amazon.in/ate-Apparel-Birthday-Unicorn-T-Shirt/dp/B078R1G5GP/,4,3789,,,,6a601b54d8ba4d64f394b50be460b694,86.2 g
B01BKBMTW4,Vimlon,1968255031,,2020-02-07 00:40:13 +0000,fulfilled_by_merchant,,https://images-na.ssl-images-amazon.com/images/I/41phzBoyRSL.jpg,images-na_ssl-images-amazon_com_images_i_41phzboyrsl_jpg.png,"Patangaa Ethnic Digital Printed Multicolored Readymade Women's Kurti,Patangaa",,,,,,,"{'Item_part_number': 'PAKRR0033-Parent', 'ASIN': 'B01BKBMTW4', 'Date_first_available_at_Amazon_in': '1 February 2016', 'Customer_Reviews': '5.0 out of 5 stars 1 customer review'}",Patangaa Ethnic Digital Printed Multicolored Readymade Women's Kurti,https://www.amazon.in/Patangaa-Digital-Printed-Multicolored-Readymade/dp/B01BBZFVGA/,5,1499,,,,9c19ed1a7143dc51259d923ea1949386,999999999
B073ZZ92JJ,Aliven,1953235031,,2020-02-06 13:11:06 +0000,fulfilled_by_merchant,,https://images-na.ssl-images-amazon.com/images/I/51A5rnyn9gL.jpg,images-na_ssl-images-amazon_com_images_i_51a5rnyn9gl_jpg.png,"3Pcs/Set Kids Baby Girls Dot Wrapped Tops + Big Hole Denim Jeans Pants + Headband Outfits Clothing Set,Aliven",,4,7,4,Fisher Price Smart Phone-Grey | NUK Active Silicone Spout Learning Cup Ladybug 10-Ounce,,,3Pcs/Set Kids Baby Girls Dot Wrapped Tops + Big Hole Denim Jeans Pants + Headband Outfits Clothing Set,https://www.amazon.in/Girls-Wrapped-Headband-Outfits-Clothing/dp/B073ZZ92JJ/,4.1,2565,,,,9e2774a3169d8066ce6f3877f2d75461,213 g
B07K59HW84,GOLDSTROMS,1953301031,Black|Blue,2020-02-06 07:39:44 +0000,fulfilled_by_merchant,,https://images-na.ssl-images-amazon.com/images/I/41neBHgyRKL.jpg,,"GOLDSTROMS Minelli Women Round Neck Rayon Fabric Nursing/Feeding/Maternity Gown,GOLDSTROMS",,,,,EasyFeed Designer Rayon Cotton Maternity/Nursing/Easy Feeding/Breastfeeding/Kurti/Kurta/Dress/Gown/with Zippers for PRE and Post Pregnancy for Women for Photoshoot and Baby Shower | CEE 18 Women's Cotton Rayon A-Line Maternity Kurta/Easy Breast Feeding/Breastfeeding Kurti/Western Dress with Zippers for Nursing Pre and Post Pregnancy | GOLDSTROMS Minelli Women 3/4 Sleeve Rayon Fabric Maternity/Nursing/Feeding Gown | GOLDSTROMS Cotton Tunic Dress | GOLDSTROMS Minelli Women's Full Length Rayon Fabric Maternity/Nursing/Feeding Gown,"{'ClothingAccessories': '#12,62,995', 'MaternityDresses': '#1474'}","{'Item_part_number': 'MTF-RYN-1832', 'ASIN': 'B07K59HW84', 'Date_first_available_at_Amazon_in': '2 November 2018', 'Customer_Reviews': '5.0 out of 5 stars 1 customer review', 'Amazon_Bestsellers_Rank': '#12,62,995 in Clothing & Accessories (See Top 100 in Clothing & Accessories) #1474 in\xa0Maternity Dresses'}",GOLDSTROMS Minelli Women Round Neck Rayon Fabric Nursing/Feeding/Maternity Gown,https://www.amazon.in/GOLDSTROMS-Minelli-Nursing-Feeding-Maternity/dp/B07K5F7RXJ/,5,1199,{'MaternityDresses': '#1474'},"{'ClothingAccessories': '#12,62,995'}",,2bae04ff51fa02cbad37a95e69400981,999999999
B079YZ3BNB,Calvin Klein Jeans,1968094031,,2020-02-07 03:39:07 +0000,fulfilled_by_amazon,45%,https://images-na.ssl-images-amazon.com/images/I/512ITR-yX1L.jpg,,"Calvin Klein Jeans Men's Plain Slim fit Casual Shirt (40I8055100_Standard White_XL),Calvin Klein Arvind Fashion Pvt Ltd,40I8055",,,33,,"Calvin Klein Jeans Men's Striped Slim Fit Casual Shirt (40H6281441_Atlantis_XXL) | Calvin Klein Jeans Men's Striped Slim fit Casual Shirt (40H6281441_Atlantis_L) | Calvin Klein Jeans Men's Checkered Slim fit Casual Shirt (40ZW171010_Black_2XL) | Calvin Klein Men's Striped Casual Shirt | Calvin Klein Jeans Men's Skinny Fit Jeans | Calvin Klein Men's Casual Shirt | Calvin Klein Jeans Men's Slim fit Casual Shirt | Calvin Klein Men's Regular fit Polo | Lee Men's Brady Shirt | Nautica Men's Classic Performance Gingham Button Down Collar Dress Shirt, Tan | Perry Ellis Men's Classic Fit Elastic Waist Double Pleated Cuffed Pant, | Calvin Klein Men's 38 mm Flat Strap Plaque Buckle Belt (Black)","{'ClothingAccessories': '#5,54,955', 'MensCasualShirts': '#30558'}","{'Item_model_number': '40I8055', 'ASIN': 'B079YZ3BNB', 'Date_first_available_at_Amazon_in': '5 July 2018', 'Customer_Reviews': 'Be the first to review this item', 'Amazon_Bestsellers_Rank': ""#5,54,955 in Clothing & Accessories (See Top 100 in Clothing & Accessories) #30558 in\xa0Men's Casual Shirts""}",Calvin Klein Jeans Men's Plain Slim fit Casual Shirt (40I8055100_Standard White_XL),https://www.amazon.in/Calvin-Klein-Sleeve-Standard-Classic/dp/B079YZ3BNB/,4.2,2749,{'MensCasualShirts': '#30558'},"{'ClothingAccessories': '#5,54,955'}",AT95IG9ONZD7S,cf32bba59d47cf060bd1e6f4c9b9548c,999999999
B07CMS4D1K,ChicNChic,1953235031,,2020-02-06 10:18:46 +0000,fulfilled_by_merchant,20%,https://images-na.ssl-images-amazon.com/images/I/51S4bV58EAL.jpg,,"ChicNChic Toddler Baby Girls Summer Clothes Whale Print Top with Plaid Shorts Outfits Set (7T, Pink),ChicNChic,34984J006POLKLJK",,,43,,,,,"ChicNChic Toddler Baby Girls Summer Clothes Whale Print Top with Plaid Shorts Outfits Set (7T, Pink)",https://www.amazon.in/chicnchic-Toddler-Summer-Clothes-Outfits/dp/B07CMS4D1K/,4.3,2349,,,A368CFGDO8H247,8d0562bb3af42773a571f144bfaabf92,118 g
B075T5GYKN,TEXCO,1968543031,Black|Pink|Yellow,2020-02-07 11:11:05 +0000,fulfilled_by_merchant,61%,https://images-na.ssl-images-amazon.com/images/I/41USREhME1L.jpg,,"TEXCO Pink Side Draw Strings Crop Top,Gulmohar Fabrics",,,,,,"{'ClothingAccessories': '#7,14,297', 'WomensTops': '#24561'}","{'Item_part_number': 'TC00D1088-P', 'ASIN': 'B075T5GYKN', 'Date_first_available_at_Amazon_in': '20 September 2017', 'Customer_Reviews': '3.0 out of 5 stars 1 customer review', 'Amazon_Bestsellers_Rank': ""#7,14,297 in Clothing & Accessories (See Top 100 in Clothing & Accessories) #24561 in\xa0Women's Tops""}",TEXCO Pink Side Draw Strings Crop Top,https://www.amazon.in/TEXCO-Mustard-Yellow-Strings-Women/dp/B075T4JV75/,3,499,{'WomensTops': '#24561'},"{'ClothingAccessories': '#7,14,297'}",,14d1f5d82fd46ed03f2545ce5cffde5e,999999999
B07DVDPZCQ,DHRUVI TRENDZ,1968256031,Green|Pink|Red,2020-02-07 07:30:42 +0000,fulfilled_by_amazon,86%,https://images-na.ssl-images-amazon.com/images/I/41GoauxRa-L.jpg,,"Dhruvi Trendz Women's Art Silk Solid Saree With Blouse Piece Material (Red),Dhruvi Trendz,S1116",,,,,Dhruvi Trendz Women's Soft Cotton - Silk Solid Saree With Blouse Piece Material | Dhruvi Trendz Soft Cotton & Silk Saree For Women Half Sarees Under 349 2019 Beautiful For Women saree free size with blouse piece | Dhruvi Trendz Women's Soft Cotton Silk Solid Saree With Blouse Piece Material | DHRUVI TRENDZ Cotton Silk Half Saree | Sugathari Sarees Women's Banarasi Manipuri Silk Saree | LooksGud Dhruvi Trendz Women's Cotton Silk Solid Saree with Blouse Piece Material | Dhruvi Trendz Women's Soft Cotton - Silk Solid Saree With Blouse Piece Material | PERFECTBLUE Women`s Art Silk saree with Blouse Piece(ZikkatVariation) | PERFECTBLUE Cotton Silk with Blouse Piece Saree | Dhruvi Trendz Soft Cotton & Silk Saree For Women Half Sarees Under 349 2019 Beautiful For Women saree free size with blouse piece,,"{'Item_part_number': ""Saree for women's-s1115"", 'ASIN': 'B083QRRVHB', 'Date_first_available_at_Amazon_in': '10 January 2020', 'Customer_Reviews': 'Be the first to review this item'}",DHRUVI TRENDZ Women's Soft Cotton Plain Saree with Blouse Piece Material,https://www.amazon.in/Dhruvi-Trendz-Womens-Blouse-Material/dp/B07DVDPZCQ/,4.5,355,,,AT95IG9ONZD7S,57312a06ba9a01f2e36ac9eeb5abc481,999999999
B07MZ7MFT1,Colt by Unlimited,1967899031,,2020-02-07 07:00:56 +0000,fulfilled_by_merchant,50%,https://images-na.ssl-images-amazon.com/images/I/51vgN79cc6L.jpg,,"Colt Boy's Pyjama Set,Arvind Lifestyle Brands Ltd",,,,,Colt by Unlimited Boys' Regular Fit Cotton Overalls (Pack of 2) | Colt by Unlimited Boys' Regular Fit Cotton Overalls | Colt by Unlimited Boys' Regular Fit Overalls (Pack of 2) | Colt by Unlimited Boys' Plain Regular Fit T-Shirt | Colt by Unlimited Boy's Overalls | Colt by Unlimited Boys' Plain Regular Fit Cotton T-Shirt | Colt by Unlimited Boys' Regular Fit Cotton Overalls | Colt by Unlimited Boys' Regular Fit Cotton Overalls (Pack of 2) | Colt by Unlimited Boys' Sweatshirt | Colt by Unlimited Boys' T-Shirt | Colt by Unlimited Boys' Plain Regular Fit Cotton T-Shirt | Chhota Bheem Boys' Regular Fit Pyjama Set | Colt by Unlimited Boys' Regular Fit Cotton Overalls (Pack of 2) | Colt by Unlimited Boys' Regular Fit Cotton Overalls | Max Boy's Pyjama Set | Colt by Unlimited Boys' Plain Regular Fit Cotton T-Shirt,"{'ClothingAccessories': '#45,930', 'BoysPyjamaSets': '#35'}","{'ASIN': 'B07MZ7MFT1', 'Date_first_available_at_Amazon_in': '21 January 2019', 'Customer_Reviews': '3.6 out of 5 stars 7 customer reviews', 'Amazon_Bestsellers_Rank': ""#45,930 in Clothing & Accessories (See Top 100 in Clothing & Accessories) #35 in\xa0Boys' Pyjama Sets""}",Colt Boy's Pyjama Set,https://www.amazon.in/Colt-Unlimited-Regular-Pyjama-400017633152_White_02Y/dp/B07F13DGYY/,3.6,249,{'BoysPyjamaSets': '#35'},"{'ClothingAccessories': '#45,930'}",,5ea9325bb318f24a421fb88695dfa7d0,999999999
B07VKJ96MK,bluehaaat,1968123031,Black Half|Black Sando|Rust|Black Full|Maroon|Olive|White,2020-02-06 18:01:55 +0000,fulfilled_by_merchant,,https://images-na.ssl-images-amazon.com/images/I/41CRz8eP1DL.jpg,,"bluehaaat Balidan Dena Hoga Sacred Games Quote Printed Cotton Tshirt for Men,bluehaaat",,,,,CottonTee Unisex Secred Game Half Sleeve Cotton Tshirts | 36FAHRENHEIT Aham Brahmasmi Sacred Games Golden Print Unisex Cotton T-Shirt | bluehaaat Aham Brahmasmi Sacred Games Quote Graphics Printed Cotton Tshirt for Men | bluehaaat BHAGWAN KO MANTE HO Sacred Games Quote Printed Cotton Tshirt for Men | Filmy Vastra Sacred Games: Bhagwan Ko Mante Ho Men's T-Shirt | Aaramkhor Sacred Games Round Neck Half Sleeve T-Shirt for Men | Kabhi Kabi Lagta Hai Apun hi Bhagwan Hai | TV Series | bluehaaat Aham Brahmasmi Sacred Games Quote Graphics Printed Cotton Tshirt for Men | bluehaaat BHAGWAN KO MANTE HO Sacred Games Quote Printed Cotton Tshirt for Men | CottonTee Unisex Secred Game Half Sleeve Cotton Tshirts | Filmy Vastra Sacred Games: Bhagwan Ko Mante Ho Men's T-Shirt,"{'ClothingAccessories': '#3,13,023', 'MensT_Shirts': '#24768'}","{'Product_Dimensions': '3 x 20 x 30 cm ; 200 g', 'ASIN': 'B07VKJ96MK', 'Date_first_available_at_Amazon_in': '22 July 2019', 'Customer_Reviews': '5.0 out of 5 stars 1 customer review', 'Amazon_Bestsellers_Rank': ""#3,13,023 in Clothing & Accessories (See Top 100 in Clothing & Accessories) #24768 in\xa0Men's T-Shirts""}",bluehaaat Balidan Dena Hoga Sacred Games Quote Printed Cotton Tshirt for Men,https://www.amazon.in/bluehaaat-Balidan-Sacred-Printed-Sleeve/dp/B07VM4PNFB/,4.5,399,{'MensT_Shirts': '#24768'},"{'ClothingAccessories': '#3,13,023'}",,3916fb6fc88efdd2a9320b65390b2c97,200 g
B01G4FGYKY,MAGSON,1967868031,Argos - Black|Devon - Black|Ethan - Blue|Grand - Brown|Hover - Violet|Kyron - Pink|Lark - Black|Nash - Blue|Pablo - Red|Terra - Yellow|Urbano - Grey|Xena - Blue|Yama - Purple,2020-02-06 17:23:11 +0000,fulfilled_by_amazon,70%,https://images-na.ssl-images-amazon.com/images/I/41UOdBJ6vWL.jpg,,"Magson Neo Men's Micro Fibre Jacquard Narrow Tie, Grand - Brown,Magson Kreations",,,,,,"{'ClothingAccessories': '#3,59,069', 'BoysTies': '#43'}","{'Item_part_number': 'netie2016g', 'ASIN': 'B01G4FGYKY', 'Date_first_available_at_Amazon_in': '24 May 2016', 'Customer_Reviews': '5.0 out of 5 stars 3 customer reviews', 'Amazon_Bestsellers_Rank': ""#3,59,069 in Clothing & Accessories (See Top 100 in Clothing & Accessories) #43 in\xa0Boys' Ties""}",Magson Neo Men's Assorted Tie (2018 collection),https://www.amazon.in/Magson-Micro-Fibre-Jacquard-Narrow/dp/B01G4FGYKY/,5,295,{'BoysTies': '#43'},"{'ClothingAccessories': '#3,59,069'}",A1JMG6531Z3EIJ,20807be4091aa7f42becd3622c8bae3a,999999999
B07F9ZS2PY,Arrow New York,1968096031,,2020-02-07 04:30:25 +0000,fulfilled_by_merchant,60%,https://images-na.ssl-images-amazon.com/images/I/41eHq5xpMuL.jpg,,"Arrow Newyork Men's Checkered Slim Fit Formal Shirt,Arvind Fashions Limited",,,,,Arrow New York Men's Plain Slim fit Formal Shirt | Arrow Newyork Men's Printed Slim Fit Formal Shirt | Arrow Newyork Men's Checkered Slim Fit Formal Shirt | Arrow Newyork Men's Solid Slim Fit Formal Shirt | Arrow Newyork Men's Printed Slim Fit Formal Shirt | Arrow Newyork Men's Slim Fit Formal Shirt | Arrow Men's Solid Slim Fit Formal Shirt | Arrow New York Men's Plain Slim fit Formal Shirt | Arrow Newyork Men's Slim Fit Formal Shirt,"{'ClothingAccessories': '#2,12,941', 'MensFormalShirts': '#6643'}","{'ASIN': 'B07F9ZS2PY', 'Date_first_available_at_Amazon_in': '6 July 2018', 'Customer_Reviews': '5.0 out of 5 stars 1 customer review', 'Amazon_Bestsellers_Rank': ""#2,12,941 in Clothing & Accessories (See Top 100 in Clothing & Accessories) #6643 in\xa0Men's Formal Shirts""}",Arrow Newyork Men's Checkered Slim Fit Formal Shirt,https://www.amazon.in/Arrow-Newyork-Checkered-Formal-ANWSH1050_Blue_40/dp/B07F3HV77V/,4.2,799,{'MensFormalShirts': '#6643'},"{'ClothingAccessories': '#2,12,941'}",,27fe4aa26c05205cbec992efa091a00b,999999999
B07HNQK9JX,Vetrokart,3723378031,,2020-02-07 03:52:24 +0000,fulfilled_by_amazon,60%,https://images-na.ssl-images-amazon.com/images/I/41XFwq3zutL.jpg,,"Vetrokart Women's Tappeta Silk Semi-stitched Lehenga Choli (Blue, Free Size),Vetrokart",,,,,"Dharmi Fashion Women's Silk Lehenga Choli (Blue_Free Size, Semi-Stitched) | Florence Women's Net Embroidered Lehengha Choli(Free Size) | Kedar Fab Women's Taffeta Silk Lehenga Choli With Blouse Piece (free size_Blue_Pink) | Sojitra Enterprise Women's Heavy Embroidered Work Silk Green colour Lehenga Choli (Free Size) | A.R.Sundaram Fashion Women's Velvet Lehenga Choli (ARS-81 _Blue_ Free Size) | Jesti Designer Women's Heavy Embroidered Banglory Silk Taffeta Lehenga Choli for Women Latest Design | Dharmi Fashion Women's Silk Lehenga Choli (Blue_Free Size, Semi-Stitched) | Bhakti Nandan Creation Women's Embroidered Taffeta Silk Semi-Stitched Lehanga Choli (All over 1, Maroon & Blue, Free Size) (Blue) | Alazra Creation Women's Tappeta Silk Lehenga Choli (Blue,Free Size, Semi-Stitched)","{'ClothingAccessories': '#2,74,542', 'WomensLehengaCholis': '#1469'}","{'Item_part_number': 'nidhi-blue-Vetro', 'ASIN': 'B07HNQK9JX', 'Date_first_available_at_Amazon_in': '25 September 2018', 'Customer_Reviews': '4.5 out of 5 stars 10 customer reviews', 'Amazon_Bestsellers_Rank': ""#2,74,542 in Clothing & Accessories (See Top 100 in Clothing & Accessories) #1469 in\xa0Women's Lehenga Cholis""}","Vetrokart Women's Tappeta Silk Semi-stitched Lehenga Choli (Blue, Free Size)",https://www.amazon.in/Vetrokart-Womens-Tappeta-Semi-stitched-Lehenga/dp/B07HNQK9JX/,4.5,519,{'WomensLehengaCholis': '#1469'},"{'ClothingAccessories': '#2,74,542'}",A9RAM2DEMP1NE,a2fef5487083e7a2d17b07fecc46e934,999999999
B0781YW3J2,Rangeelo rajasthan,1968255031,,2020-02-06 07:05:17 +0000,fulfilled_by_merchant,69%,https://images-na.ssl-images-amazon.com/images/I/41FiRDT8FDL.jpg,,"Rangeelo rajasthan Women's Straight Kurta,Sanganer Clothing Pvt.Ltd,RR092ORANGE",,,,,M&D Women's Straight Kurta,"{'ClothingAccessories': '#5,51,468', 'WomensKurtasKurtis': '#36958'}","{'Item_model_number': 'RR092ORANGE', 'ASIN': 'B0781YW3J2', 'Date_first_available_at_Amazon_in': '12 December 2017', 'Customer_Reviews': '3.0 out of 5 stars 1 customer review', 'Amazon_Bestsellers_Rank': ""#5,51,468 in Clothing & Accessories (See Top 100 in Clothing & Accessories) #36958 in\xa0Women's Kurtas & Kurtis""}",Rangeelo rajasthan Women's Straight Kurta,https://www.amazon.in/Rangeelo-rajasthan-Womens-Straight-RR092ORANGE_X-Large/dp/B078214RH4/,3,379,{'WomensKurtasKurtis': '#36958'},"{'ClothingAccessories': '#5,51,468'}",,0f8a3a26f3e563621eda640aa3ecd17e,999999999
B07PHFR4BG,LEADING LADY,1968469031,,2020-02-06 19:45:48 +0000,fulfilled_by_merchant,,https://images-na.ssl-images-amazon.com/images/I/51zWOLsQqAL.jpg,,LEADING LADY Women's Full Cup Non Padded Non Wired Bra (Pack of 2),,,,,"Zunahme Cotton Gym Wear Daily Workout Sports Bra for Girls, Women's Combo (Pack of 3) | BODYCARE Women's Sports Bra | Enamor Non-Padded Wirefree Sports Bra | Enamor Non-Padded Wirefree Sports Bra","{'ClothingAccessories': '#3,87,641', 'WomensSportsBras': '#989'}","{'ASIN': 'B07PHFR4BG', 'Date_first_available_at_Amazon_in': '11 March 2019', 'Customer_Reviews': '4.3 out of 5 stars 5 customer reviews', 'Amazon_Bestsellers_Rank': ""#3,87,641 in Clothing & Accessories (See Top 100 in Clothing & Accessories) #989 in\xa0Women's Sports Bras""}",LEADING LADY Women's Full Cup Non Padded Non Wired Bra (Pack of 2),https://www.amazon.in/Leading-Lady-Womens-Non-Wired-104_Multicoloured_36B/dp/B07PDQ5LDM/,3.6,287,{'WomensSportsBras': '#989'},"{'ClothingAccessories': '#3,87,641'}",,b506a3e484fad8a02f3e491d523476e9,999999999
B081ZBNJ9Z,RIGO,1968123031,,2020-02-06 20:34:49 +0000,fulfilled_by_merchant,,https://images-na.ssl-images-amazon.com/images/I/41q6ydde0sL.jpg,,"RIGO Men's Striped Slim Fit T-Shirt,Rigo International",,,,,RIGO Men's Striped Slim Fit T-Shirt | Cenizas Men's Striped T-Shirt | RIGO Men's Striped Slim Fit T-Shirt | RIGO Men's Solid Slim fit T-Shirt | STYLENSE Men's Half Sleeve Round Neck Cotton T-Shirt - Multicolor | 45 DEGREE Mens Half Sleeve Printed Cotton T-Shirt,"{'ClothingAccessories': '#1,05,754', 'MensT_Shirts': '#7737'}","{'Item_Weight': '150 g', 'ASIN': 'B081ZBNJ9Z', 'Date_first_available_at_Amazon_in': '12 September 2017', 'Customer_Reviews': 'Be the first to review this item', 'Amazon_Bestsellers_Rank': ""#1,05,754 in Clothing & Accessories (See Top 100 in Clothing & Accessories) #7737 in\xa0Men's T-Shirts""}",RIGO Men's Striped Slim Fit T-Shirt,https://www.amazon.in/Rigo-Mens-Striped-T-Shirt-CT09171245_White_L/dp/B075LP18TN/,5,331,{'MensT_Shirts': '#7737'},"{'ClothingAccessories': '#1,05,754'}",,d3c11301dd57ea6ac07dcd7e0eb9c97e,150 g
B073QR8ZX8,Miss Chase,1968543031,,2020-02-07 11:06:24 +0000,fulfilled_by_amazon,65%,https://images-na.ssl-images-amazon.com/images/I/41cRiYKt30L.jpg,,"Miss Chase Womens Pink Off Shoulder Top(MCSS17TP08-04-122-05_Pink_Large),Miss Chase,MCSS17TP08-04-122-05",,,,,PREET GEHNA Women's Off Shoulder summercool Printed top | RARE Women's Regular fit Top | Harpa Women's Plain Regular Fit Top | Miss Chase Women's Blue Denim Off-Shoulder Top | Honey by Pantaloons Women's Floral Regular Fit Top | Amazon Brand - Symbol Women Shirt,"{'ClothingAccessories': '#6,24,750', 'WomensTops': '#21133'}","{'Item_model_number': 'MCSS17TP08-04-122', 'ASIN': 'B07RH2CQ33', 'Date_first_available_at_Amazon_in': '4 July 2017', 'Customer_Reviews': '3.0 out of 5 stars 1 customer review', 'Amazon_Bestsellers_Rank': ""#6,24,750 in Clothing & Accessories (See Top 100 in Clothing & Accessories) #21133 in\xa0Women's Tops""}",Miss Chase Women's Pink Self Design Bardot Neck Half Sleeved Off Shoulder Ruffled Top,https://www.amazon.in/Miss-Chase-Womens-Pink-Shoulder/dp/B073QR8ZX8/,3,469,{'WomensTops': '#21133'},"{'ClothingAccessories': '#6,24,750'}",AT95IG9ONZD7S,c93ba9d0208b354bd64072b9acc566f6,999999999
B07Z23K3DR,SWORNOF,1968256031,,2020-02-06 22:41:55 +0000,fulfilled_by_merchant,73%,https://images-na.ssl-images-amazon.com/images/I/41O6PxBNTiL.jpg,,"SWORNOF Women's Silk Saree With Blouse Piece (Blue),SWORNOF",,,,,,"{'ClothingAccessories': '#13,07,096', 'WomensSarees': '#97073'}","{'Item_Weight': '449 g', 'Item_part_number': 'SWORNOF_8888', 'ASIN': 'B07Z23K3DR', 'Date_first_available_at_Amazon_in': '11 October 2019', 'Customer_Reviews': '5.0 out of 5 stars 1 customer review', 'Amazon_Bestsellers_Rank': ""#13,07,096 in Clothing & Accessories (See Top 100 in Clothing & Accessories) #97073 in\xa0Women's Sarees""}",SWORNOF Women's Silk Saree With Blouse Piece (Blue),https://www.amazon.in/SWORNOF-Womens-Saree-Blouse-Piece/dp/B07Z23K3DR/,5,410,{'WomensSarees': '#97073'},"{'ClothingAccessories': '#13,07,096'}",AS3M4MP1SVSOK,d913747b664df3b062ac5cd6d9cecc74,449 g
B07PY8YPX1,Saheli,1968254031,WHITE|NAVY BLUE|RANI|BLACK|MEHROON|SKIN|SKIN/GOLD|Red|MEHROON 4XL|black|navy blue|MEHROON 5XL,2020-02-07 01:33:09 +0000,fulfilled_by_merchant,,https://images-na.ssl-images-amazon.com/images/I/31lpf2TU9aL.jpg,,"GURUS FOREVER RAYON PLAZZO XXL TO 5XL,FOREVER",,,,,"Dream & Dzire Women's Rayon Palazzo for All Plus Size and Small Size (142) | XXL TO 6XL(ALL PLUS SIZES) SAHELI RAYON PLAZZO | PATRORNA Women's Cotton Silk Regular Flared Palazzo Pant (Multiple Colors, XS-10XL) | Ayesha Creations Palazzo Pants for Women Rayon Free Size | for Any Kurti | Ethnic Or Casual Wear | Yolki Black Palazzo for women's, Flared parallel Bottom, Cotton and Rayon Blend, Length : 39"", Size (XL-5xl) | NATTY INDIA Black Crepe Regular Fit Plazzo | Dream & Dzire Women's Rayon Palazzo for All Plus Size and Small Size (142)","{'ClothingAccessories': '#2,22,025', 'WomensChuridarSalwarBottoms': '#3043'}","{'Item_part_number': 'EW-BW-P', 'ASIN': 'B07PY8YPX1', 'Date_first_available_at_Amazon_in': '25 March 2019', 'Customer_Reviews': '3.9 out of 5 stars 2 customer reviews', 'Amazon_Bestsellers_Rank': ""#2,22,025 in Clothing & Accessories (See Top 100 in Clothing & Accessories) #3043 in\xa0Women's Churidar & Salwar Bottoms""}",GURUS FOREVER RAYON PLAZZO XXL TO 5XL,https://www.amazon.in/Saheli-Forever-Womens-Palazzo-EW-BW-2/dp/B07PZDND75/,3.9,499,{'WomensChuridarSalwarBottoms': '#3043'},"{'ClothingAccessories': '#2,22,025'}",,785694f45aea580a9d0d717b4dbd95e4,999999999
B07GJW6GMQ,arars,1968256031,BLUE|NAVY|OLIVE|Orange|RANI|STRAWBERRY,2020-02-07 06:03:14 +0000,fulfilled_by_amazon,73%,https://images-na.ssl-images-amazon.com/images/I/41u1Vfbd1XL.jpg,,"arars Women's Kanchipuram Kanjivaram Pattu Style Mysore Crepe Silk Saree with Blouse (Olive),RR And Sons",,,,,"arars Women's Kanchipuram Kanjivaram Pattu style crepe butta silk saree with Blouse, Saree Colour: (270) | arars Women's Kanchipuram Kanjivaram Pattu style crepe butta silk saree with Blouse, Saree Colour: (274) | arars Women's Kanchipuram Kanjivaram Pattu style chiffon butta silk saree with Blouse, Saree Colour: (393) | arars Women's Kanchipuram Kanjivaram Pattu style kanjivaram butta silk saree with Blouse, Saree Colour: (349) | arars Women's Kanchipuram Kanjivaram Pattu style chiffon butta silk saree with Blouse, Saree Colour: (277) | arars Women's Kanchipuram Kanjivaram Pattu style art butta silk saree with Blouse, Saree Colour: (363) | arars Women's Kanchipuram Kanjivaram Pattu style balaton butta silk saree with Blouse, Saree Colour: (282) | Nirja creation Women Emboss Silk Banarasi Saree | arars Women's Kanchipuram Kanjivaram Pattu style crepe butta silk saree with Blouse, Saree Colour: (270) | arars Women's Kanchipuram Kanjivaram Pattu style kanjivaram butta silk saree with Blouse, Saree Colour: (328)",,"{'Item_part_number': '267', 'ASIN': 'B083BC3RYJ', 'Date_first_available_at_Amazon_in': '3 July 2019', 'Customer_Reviews': '5.0 out of 5 stars 1 customer review'}","arars Women's Kanchipuram Kanjivaram Pattu style crepe butta silk saree with Blouse, Saree Colour: (267)",https://www.amazon.in/arars-crepe-silk-saree-OLIVE/dp/B07GJW6GMQ/,5,1889,,,A2IKMP6TEMTOZM,a545da7ee0c64d0065d34511c0c8a0f3,999999999
B07HM93N5H,Hot Wheels,1967925031,,2020-02-06 05:26:32 +0000,fulfilled_by_amazon,60%,https://images-na.ssl-images-amazon.com/images/I/51yfUVYYS5L.jpg,,"Hot Wheels Boys' T-Shirt (HWPBSL0893_Grey_4-5 Years),GV KNITS,HWPBSL0893",,,,,,"{'ClothingAccessories': '#7,94,594', 'BoysT_Shirts': '#16461'}","{'Item_Weight': '399 g', 'Item_model_number': 'HWPBSL0893', 'ASIN': 'B07HM93N5H', 'Date_first_available_at_Amazon_in': '24 September 2018', 'Customer_Reviews': '4.0 out of 5 stars 1 customer review', 'Amazon_Bestsellers_Rank': ""#7,94,594 in Clothing & Accessories (See Top 100 in Clothing & Accessories) #16461 in\xa0Boys' T-Shirts""}",Hot Wheels Boys' T-Shirt (HWPBSL0893_Grey_4-5 Years),https://www.amazon.in/Hot-Wheels-T-Shirt-HWPBSL0893_Grey_4-5-Years/dp/B07HM93N5H/,4,240,{'BoysT_Shirts': '#16461'},"{'ClothingAccessories': '#7,94,594'}",AA3VWY631WGZ5,9d66c9f92e0253e38b9af2bbb7d506da,399 g
B075NH1NT1,Rupa Thermocot,1968495031,,2020-02-06 15:40:22 +0000,fulfilled_by_merchant,,https://images-na.ssl-images-amazon.com/images/I/415V10uXTwL.jpg,,"Rupa Thermocot Women's Plain/Solid Synthetic Thermal Bottom,Rupa",,,,,Rupa Thermocot Women's Plain/Solid Synthetic Thermal Bottom | Jockey Women's Cotton Thermal Leggings | Rupa Thermocot Women's Plain/Solid Synthetic Thermal Bottom | Rupa Thermocot Women's Plain/Solid Synthetic Thermal Bottom | Rupa Thermocot Women's Plain/Solid Synthetic Thermal Bottom | Rupa Thermocot Women's Plain/Solid Synthetic Thermal Bottom | Rupa Thermocot Women's Plain/Solid Synthetic Thermal Bottom | Rupa Thermocot Women's Plain/Solid Synthetic Thermal Bottom | Rupa Thermocot Women's Plain/Solid Synthetic Thermal Top | Rupa Thermocot Women's Plain/Solid Synthetic Thermal Bottom | Rupa Thermocot Men's Thermal Top | Rupa Thermocot Women's Plain/Solid Synthetic Thermal Top,"{'ClothingAccessories': '#16,274', 'WomensThermalBottoms': '#6'}","{'ASIN': 'B075NH1NT1', 'Date_first_available_at_Amazon_in': '15 September 2017', 'Customer_Reviews': '3.5 out of 5 stars 7 customer reviews', 'Amazon_Bestsellers_Rank': ""#16,274 in Clothing & Accessories (See Top 100 in Clothing & Accessories) #6 in\xa0Women's Thermal Bottoms""}",Rupa Thermocot Women's Plain/Solid Synthetic Thermal Bottom,https://www.amazon.in/Rupa-Thermocot-Synthetic-Thermal-Volcano_Brown_85/dp/B075N46HW2/,3.4,373,{'WomensThermalBottoms': '#6'},"{'ClothingAccessories': '#16,274'}",,772b738784c4286bfc47fefdddcf60af,999999999
B07MG59XDS,Aai shree khodiyar art,1968256031,Light green|Navy blue|Orange|Pink|Red,2020-02-06 09:18:54 +0000,fulfilled_by_merchant,64%,https://images-na.ssl-images-amazon.com/images/I/41SgxA1gpoL.jpg,,"Aai Shree Khodiyar Art Georgette Saree (20340_Red_),Aai Shree Khodiyar Art",,,,,"Kuki Women's Georgette Saree | Fragrance Trendz Sparkle Lace Borderd Chiffon Saree With Sparkle Blouse Piece. | unique enterprise Women's Georgette Sarees With Blouse(pitchpatta) | Kuki Multicolor Embroiderd Georgette Saree With Blouse | Aai shree khodiyar art Women's Georgette Embellished Fashion Saree (1310, Red) | Vaghani Tex Gerrogate Embroidered Sarees with Blouse Piece | unique enterprise Women's Georgette Sarees With Blouse(pitchpatta) | Kuki Multicolor Embroiderd Georgette Saree With Blouse | Kuki Women's Georgette Saree | Aai Shree Khodiyar Georgette Saree (2093_Blue) | NITYANTA FAB Women's Net Saree With Blouse Piece | Yashvi Designer Women's Net Embroidery Work Saree With Blouse Piece.","{'ClothingAccessories': '#10,516', 'WomensSarees': '#649'}","{'Item_part_number': '2034parent', 'ASIN': 'B07MCLLLSM', 'Date_first_available_at_Amazon_in': '10 January 2019', 'Customer_Reviews': '3.8 out of 5 stars 10 customer reviews', 'Amazon_Bestsellers_Rank': ""#10,516 in Clothing & Accessories (See Top 100 in Clothing & Accessories) #649 in\xa0Women's Sarees""}",Aai Shree Khodiyar Art Georgette Saree,https://www.amazon.in/Aai-Shree-Khodiyar-Georgette-20340_Red_/dp/B07MG59XDS/,3.6,545,{'WomensSarees': '#649'},"{'ClothingAccessories': '#10,516'}",A4N5Q6KQ74L9L,3bfc5a4c0015a37782c999a2e422f070,999999999
B082NJJXXK,Generic,1968255031,,2020-02-07 00:57:06 +0000,fulfilled_by_merchant,3%,https://images-na.ssl-images-amazon.com/images/I/41Slv3JH7XL.jpg,,"Women's Chicken Embellished/Embroidery Kurta -(Medium) Red,Chandra clothings",,,,,,,"{'Item_part_number': 'RED001', 'ASIN': 'B082NJJXXK', 'Date_first_available_at_Amazon_in': '11 December 2019', 'Customer_Reviews': '5.0 out of 5 stars 1 customer review'}",Women's Chicken Embellished/Embroidery Kurta -(Medium) Red,https://www.amazon.in/Womens-Chicken-Embellished-Embroidery-Medium/dp/B082NJJXXK/,5,1490,,,A33UFW2ATZEWXZ,085d442857061ebd14b264bd33393ff4,999999999
B07C7BNW9S,Simplicity,1968510031,,2020-02-06 10:56:05 +0000,fulfilled_by_merchant,,https://images-na.ssl-images-amazon.com/images/I/51sEP3UaPAL.jpg,,"Simplicity Patterns Creative Patterns Uv5124Os Shorts Or Pants, One Size,Simplicity Creative Patterns,UV5124OS",,,2,,,,,"Simplicity Patterns Creative Patterns Uv5124Os Shorts Or Pants, One Size",https://www.amazon.in/Simplicity-Patterns-Creative-Uv5124Os-Shorts/dp/B07C7BNW9S/,3.4,2371,,,,793e59adacf158ca802850448d7d78fd,40.8 g
B07ND2KPTK,Lincy fashion,14107214031,Beige|Red,2020-02-07 08:36:25 +0000,fulfilled_by_merchant,67%,https://images-na.ssl-images-amazon.com/images/I/51h6EVNSpQL.jpg,,"Lincy fashion women's anarkli gown (Semi-Stitched Gown_Free Size) (Red),Lincy fashion",,,,,Swagat Sarees Chanderi Cotton Anarkali Gown for Women (Free size) | Lincy Fashion Women High Low Gown | Lincy Fashion American Crepe Gown | JULEE Women's Net Embroidery Semi-Stitched Gown | 4JSTAR Women's Crape Anarkali rose gown | JULEE Women's Banglori Satin Embroidery Semi-Stitched Gown | Swagat Sarees Chanderi Cotton Anarkali Gown for Women (Free size) | Marlin Women's Cotton Kurti With Palazzo Pant Set (Light Green) | vaidehi creation Women's Twill Tafeta Gown | Madhuram Textiles Women's Rayon A-Line Kurti,"{'ClothingAccessories': '#3,50,551', 'WomensEthnicGowns': '#1407'}","{'Item_part_number': 'Lincy fashin422019', 'ASIN': 'B07ND32GPV', 'Date_first_available_at_Amazon_in': '4 February 2019', 'Customer_Reviews': '4.6 out of 5 stars 3 customer reviews', 'Amazon_Bestsellers_Rank': ""#3,50,551 in Clothing & Accessories (See Top 100 in Clothing & Accessories) #1407 in\xa0Women's Ethnic Gowns""}",Lincy fashion women's anarkli gown (Semi-Stitched Gown_Free Size),https://www.amazon.in/Lincy-fashion-anarkli-Semi-Stitched-Gown_Free/dp/B07ND2KPTK/,4.6,559,{'WomensEthnicGowns': '#1407'},"{'ClothingAccessories': '#3,50,551'}",AOPXSMHXPJI50,7a59ebf803aec49f716ae0b7b31e1a04,999999999
B07XJJKMLC,Max,1968123031,,2020-02-06 03:34:55 +0000,fulfilled_by_merchant,20%,https://images-na.ssl-images-amazon.com/images/I/31EjK%2BaoaXL.jpg,,"Max Men's Regular fit T-Shirt,Lifestyle Int Pvt Ltd",,,,,Max Men's Slim fit T-Shirt | Max Men's Plain Regular T-Shirt | Max Men's Slim Fit T-Shirt | Max Men's Slim fit T-Shirt | Max Men's Plain Slim T-Shirt | Max Men's Regular T-Shirt | Max Men's Slim Fit T-Shirt | Max Men's Slim Fit T-Shirt | Max Men's Plain Slim Fit T-Shirt | Max Men's Slim fit T-Shirt | Max Men's Printed Slim Fit T-Shirt | My Newborn Baby Mitten Cap and Booty Set - Set of 3 Packs,"{'ClothingAccessories': '#16,262', 'MensT_Shirts': '#912'}","{'ASIN': 'B07XJJKMLC', 'Date_first_available_at_Amazon_in': '8 September 2019', 'Customer_Reviews': '5.0 out of 5 stars 1 customer review', 'Amazon_Bestsellers_Rank': ""#16,262 in Clothing & Accessories (See Top 100 in Clothing & Accessories) #912 in\xa0Men's T-Shirts""}",Max Men's Regular fit T-Shirt,https://www.amazon.in/Max-Plain-Regular-T-Shirt-BSTPA19V02_Blue_XL/dp/B07XGBQC1K/,4.5,199,{'MensT_Shirts': '#912'},"{'ClothingAccessories': '#16,262'}",,c695b9db19363e469a5a6f3e24b9a527,999999999
B06VSGY4JL,Claura,1968501031,,2020-02-06 19:19:28 +0000,fulfilled_by_merchant,,https://images-na.ssl-images-amazon.com/images/I/51AuilKWN0L.jpg,,"Claura Floral Printed Red Color Cotton Nighty With Robe Or Nightdress,Trade by us",,,,,Claura Printed Cotton Nighty with Robe for Women or Cotton Nightdress | Claura Floral Printed Red Cotton Nighty With Robe Or Nightdress | BSTORIES Women's Cotton Sky Blue Floral Robe | Pretty Awesome Women's Satin Heart Printed Robe/Housecoat Nightwear… | Claura Stylish 2pc Women Satin Nighty With Robe In Net Nightdress | AV2 Women Satin Short Nighty with Lace & Robe 1381,"{'ClothingAccessories': '#1,80,080', 'WomensNightiesNightdresses': '#2019'}","{'Item_part_number': 'Cot-47-purpl-nightyrobe', 'ASIN': 'B06VSGY4JL', 'Date_first_available_at_Amazon_in': '7 February 2017', 'Customer_Reviews': '5.0 out of 5 stars 1 customer review', 'Amazon_Bestsellers_Rank': ""#1,80,080 in Clothing & Accessories (See Top 100 in Clothing & Accessories) #2019 in\xa0Women's Nighties & Nightdresses""}",Claura Floral Printed Red Color Cotton Nighty With Robe Or Nightdress,https://www.amazon.in/Claura-Floral-Printed-Cotton-Nightdress/dp/B077ZN6N2S/,5,999,{'WomensNightiesNightdresses': '#2019'},"{'ClothingAccessories': '#1,80,080'}",,0f6ff37cf848233d66188a0e2115cb40,999999999
B07R78SJQ7,CAVALLO by Linen Club,1968094031,,2020-02-06 23:26:44 +0000,fulfilled_by_merchant,50%,https://images-na.ssl-images-amazon.com/images/I/41eCuUkcDFL.jpg,,"CAVALLO by Linen Club: Red Checked Casual Linen Shirt for Men,Bespoke Clothing, #347 1st Floor 13A main A sector. Yelhanka New Town, Bangalore-560064",,,,,CAVALLO by Linen Club Blue Striped Casual Regular Fit Linen Shirt for Men | CAVALLO by Linen Club: Pink Striped Casual Linen Shirt for Men | CAVALLO by Linen Club: Multi Striped Casual Linen Shirt for Men | CAVALLO by Linen Club: Black Checked Casual Linen Shirt for Men | Linen Rich Regular Fit Solid Casual Shirts for Men-Brown | CAVALLO by Linen Club: Red Solid Casual Linen Shirt for Men | CAVALLO by Linen Club Blue Striped Casual Regular Fit Linen Shirt for Men | CAVALLO by Linen Club: Navy Blue Checked Casual Linen Shirt for Men | CAVALLO by Linen Club: Multi Striped Casual Linen Shirt for Men,"{'ClothingAccessories': '#1,30,030', 'MensCasualShirts': '#5618'}","{'Item_part_number': 'BBAPLCC101345', 'ASIN': 'B07R78SJQ7', 'Date_first_available_at_Amazon_in': '26 April 2019', 'Customer_Reviews': '3.0 out of 5 stars 1 customer review', 'Amazon_Bestsellers_Rank': ""#1,30,030 in Clothing & Accessories (See Top 100 in Clothing & Accessories) #5618 in\xa0Men's Casual Shirts""}",CAVALLO by Linen Club: Red Checked Casual Linen Shirt for Men,https://www.amazon.in/CAVALLO-Linen-Club-Checked-Sleeve-Regular/dp/B07R7BL7BL/,3.4,849,{'MensCasualShirts': '#5618'},"{'ClothingAccessories': '#1,30,030'}",,cb7d47630a53e830173af74f3a6af30f,999999999
B0757XGJ87,Roden,1968123031,Black|Green|Navy Blue|Grey|Maroon|White|Black Melange|Royal Blue|Airforce Blue|Royal Blue Melange|Red Melange,2020-02-06 05:09:56 +0000,fulfilled_by_merchant,,https://images-na.ssl-images-amazon.com/images/I/411-2k0aNXL.jpg,,"Roden Men's Solid Full Sleeve Tshirt,Rohan Creation",,,,,CHKOKKO Full Sleeve Cotton Casual Round Neck T Shirts for Men | PrintOctopus Plain Tshirt for Men (15+ Colours Available) | Basic T-Shirt | Plain Full Sleeve T-Shirt for Women | Solid Colour Tshirt | Round Neck T Shirt | 100% Cotton T-Shirt | Roden Men's Line Up Full Sleeve Tshirt/Sports Trim Tshirt/Round Neck Full Sleeve Tshirt/Tshirt for Men's | Roden Men's Solid Sports Trim T-Shirt | Kalt Men's Dual Colour Full Sleeves Round Neck Cotton Blend -Shirt | Roden Men's Printed Full Sleeves Tshirt | Roden Men's Solid Sports Trim T-Shirt | Roden Men's Solid Two-Tone Sports Trim Tshirt/Raglan Sleeve Sports Trim T-Shirt/Round Neck Tshrit/Tshirt for Mens/Mens Tshirt/Full Sleeve Tshirt | Roden Men's Round Neck Solid T Shirt | CHKOKKO Full Sleeve Cotton Casual Round Neck T Shirts for Men | Roden Men's Line Up Full Sleeve Tshirt/Sports Trim Tshirt/Round Neck Full Sleeve Tshirt/Tshirt for Men's | Roden Men's Printed Full Sleeves Tshirt,"{'ClothingAccessories': '#26,807', 'MensT_Shirts': '#1640'}","{'Item_part_number': 'RC02SOLID', 'ASIN': 'B0757XGJ87', 'Date_first_available_at_Amazon_in': '30 August 2017', 'Customer_Reviews': '3.4 out of 5 stars 29 customer reviews', 'Amazon_Bestsellers_Rank': ""#26,807 in Clothing & Accessories (See Top 100 in Clothing & Accessories) #1640 in\xa0Men's T-Shirts""}",Roden Men's Solid Full Sleeve Tshirt,https://www.amazon.in/Roden-Mens-Solid-shirt-Large/dp/B0757YNNTM/,3.5,440,{'MensT_Shirts': '#1640'},"{'ClothingAccessories': '#26,807'}",,526d18a68f0e590d230d74aedb0b28da,999999999
B07XHDRQVN,Vinay's,1968255031,,2020-02-06 05:34:11 +0000,fulfilled_by_merchant,,https://images-na.ssl-images-amazon.com/images/I/31HuWbdi-ZL.jpg,,"Vinay's Women's Cotton Straight Kurta,Vinay's",,,,,Vinay's Women's Cotton Straight Kurta,"{'ClothingAccessories': '#3,27,041', 'WomensKurtasKurtis': '#23252'}","{'Item_part_number': 'Sahelitopmodels_P', 'ASIN': 'B07XHDRQVN', 'Date_first_available_at_Amazon_in': '5 September 2019', 'Customer_Reviews': '3.0 out of 5 stars 1 customer review', 'Amazon_Bestsellers_Rank': ""#3,27,041 in Clothing & Accessories (See Top 100 in Clothing & Accessories) #23252 in\xa0Women's Kurtas & Kurtis""}",Vinay's Women's Cotton Straight Kurta,https://www.amazon.in/Vinays-Printed-Straight-Occassion-Unstitched/dp/B0839JBJBT/,3,496,{'WomensKurtasKurtis': '#23252'},"{'ClothingAccessories': '#3,27,041'}",,c9769905c28eb6b05093db3aefbfb503,999999999
B081ZDSLBB,Stormborn,1968123031,,2020-02-06 20:07:59 +0000,fulfilled_by_merchant,38%,https://images-na.ssl-images-amazon.com/images/I/51QLzbv5DvL.jpg,,"Stormborn Men's Printed Regular Fit T-Shirt,Elcinco Inc",,,,,,,"{'Item_part_number': 'STMCR017046BLK--$Parent SKU', 'ASIN': 'B081ZDSLBB', 'Date_first_available_at_Amazon_in': '27 August 2017', 'Customer_Reviews': '4.0 out of 5 stars 1 customer review'}",Stormborn Men's Printed Regular Fit T-Shirt,https://www.amazon.in/Stormborn-Printed-Regular-T-Shirt-STMCR017046BLK-M/dp/B07569N275/,4,399,,,,871fcbc7074f0bcc8b9d602616ed9da4,999999999
B06XXSP74X,VIP,1968128031,,2020-02-07 03:04:55 +0000,fulfilled_by_merchant,,https://images-na.ssl-images-amazon.com/images/I/41zbSWwFlJL.jpg,,"VIP Frenchie Pro Cotton Briefs - Assorted Pack of 3 (Colors May Vary),VIP",,,,,VIP Men's Cotton Brief - Pack of 4 | VIP Frenchie Plus Men's Cotton Brief (Pack of 4) - Assorted Colors | VIP Frenchie Pro Outer Elastic Men's Cotton Briefs (Pack of 6) | VIP Men's Cotton Frenchie Plus Briefs (Assorted Colour) - Pack of 4 | VIP Frenchie Plus Cotton Briefs - Multicolor Combo of 4 | Vip Frenchie Pro Briefs Pack Of 6,"{'ClothingAccessories': '#39,283', 'MensUnderwearBriefs': '#440'}","{'Item_part_number': 'FRENCHIE_PRO', 'ASIN': 'B06XXSP74X', 'Date_first_available_at_Amazon_in': '29 March 2017', 'Customer_Reviews': '3.9 out of 5 stars 14 customer reviews', 'Amazon_Bestsellers_Rank': ""#39,283 in Clothing & Accessories (See Top 100 in Clothing & Accessories) #440 in\xa0Men's Underwear Briefs""}",VIP Frenchie Pro Cotton Briefs - Assorted Pack of 3 (Colors May Vary),https://www.amazon.in/VIP-Frenchie-Pro-Cotton-Briefs/dp/B01ETN3ZXC/,3.9,295,{'MensUnderwearBriefs': '#440'},"{'ClothingAccessories': '#39,283'}",,411105cc54034d2103a8615b934196fa,999999999
B0172D3IG0,NYFASHION101,1968058031,,2020-02-06 14:05:29 +0000,fulfilled_by_merchant,20%,https://images-na.ssl-images-amazon.com/images/I/31U1CXqh-VL.jpg,,"NYFASHION101 Boys& Solid Color Adjustable Pre-Tied Bow Ties,BTK-20 White",,,18,,,,"{'Item_model_number': 'BTK-20 White', 'ASIN': 'B0172D3IG0', 'Date_first_available_at_Amazon_in': '18 October 2017', 'Customer_Reviews': 'Be the first to review this item'}",NYFASHION101 Boys& Solid Color Adjustable Pre-Tied Bow Ties,https://www.amazon.in/NYFASHION101-Solid-Color-Adjustable-Pre-Tied/dp/B0172D3IG0/,4.7,1809,,,A368CFGDO8H247,72ab251905762aac479061f15492d666,999999999
B07DCMZM7B,Usi universal,1968437031,,2020-02-06 15:55:30 +0000,fulfilled_by_amazon,15%,https://images-na.ssl-images-amazon.com/images/I/41xGEnwpZZL.jpg,,"Usi universal Razor Black, Red and White Shorts,Usi universal",,,,,,"{'ClothingAccessories': '#20,65,735', 'WomensSportsShorts': '#1063'}","{'Item_part_number': 'BBAPLUU54117_L', 'ASIN': 'B07DCMZM7B', 'Date_first_available_at_Amazon_in': '29 May 2018', 'Customer_Reviews': '4.0 out of 5 stars 1 customer review', 'Amazon_Bestsellers_Rank': ""#20,65,735 in Clothing & Accessories (See Top 100 in Clothing & Accessories) #1063 in\xa0Women's Sports Shorts""}","Usi universal Razor Black, Red and White Shorts",https://www.amazon.in/Usi-universal-Razor-Black-Shorts/dp/B07DCMZM7B/,4,1529,{'WomensSportsShorts': '#1063'},"{'ClothingAccessories': '#20,65,735'}",A2L90Y54FJK6W9,ac4621ddea8a9cd35bff8ca7dc4fe8bf,999999999
B07JB6THZ3,Hudson baby,1953235031,Birthday Boy|Birthday Girl|Handsome Boy|Happy Birthday to Me|One|Wild One,2020-02-06 10:28:37 +0000,fulfilled_by_merchant,17%,https://images-na.ssl-images-amazon.com/images/I/31xPPUKmb6L.jpg,,"Hudson baby First Birthday Outfit, 4 Piece, Girl, 12 Months,Hudson Baby,58220",,1,36,1,"1st birthday decorations,Baby Boy's first Birthday Banner,Burlap Highchair Banner for 1st birthday boy decorations | Whaline 1st Birthday Baby Photo Banner for Newborn to 12 Months, Monthly Milestone Photograph Bunting Garland, First Birthday Celebration Decoration (Blue) | Now You Are One (Little Bird Greetings) | BirthdayExpress Lil Prince 1st Birthday Plush Crown | Amscan 1st Birthday Deluxe High Chair Decoration, 37"", Blue | Unique Industries Plastic Animal Safari Tablecloth (Multicolour, 84"" x 54"")",,"{'Item_model_number': '10458217', 'ASIN': 'B07JPKHHW4', 'Date_first_available_at_Amazon_in': '25 October 2018', 'Customer_Reviews': 'Be the first to review this item'}","Hudson Baby First Birthday Outfit, 4 Piece",https://www.amazon.in/Hudson-Baby-Birthday-Outfit-Months/dp/B07JB6THZ3/,4.6,2475,,,ATOUBP6PTLPNL,fd88256ec375d093cf710e0d341d9db6,999999999
B07J6S1MT2,SCH,1968254031,Beige|Black|Camel|Dark peach|Golden|Green|Grey|Light Mehandi|Light skin|Magenta|Maroon|Mehandi|Navy blue|Off white|Orange|Pink|Red|Wine|Yellow gold|dark brown|firozi|peacock blue|royal blue|white|yellow,2020-02-06 22:18:50 +0000,fulfilled_by_amazon,27%,https://images-na.ssl-images-amazon.com/images/I/41SHFp4fAWL.jpg,,"SCH Regular Fit Women's Cotton Rayon Casual Palazzo - Beige,SCH",,,,,"Vesture Regular Fit Women's Cotton Rayon Casual Palazzo | DREAM & DZIRE Women's Viscose Golden Ethnic Palazzo for All Plus Size and Small Size | Overnice Women's Viscose Ethnic Palazzo (PLAZZO01, Golden, Free Size) | LOOKLINE Women's lucknow embroidered bottom pants m s l xl xxl 3xl chikenkari palazzo pant ankle Length plazo For kurta kurti (Free size) | COMFORT WEAVE Cotton 8 Piece Hand Towel Set (Multicolor) | Bandidhari Fashion Palazzo Solid Soft Rayon Plain Design with Elastic & Knote in Free Size - 26 Inch's to 44 Inch's / 30 inch Flair | Dupatta Bazaar Women's Dupatta | CHRISTEENA Gold Printed Rayon Women Kurti with Palazzo | Shararat Women's Georgette Flared Bottom | EPILOG Women’s Rayon Plain Color Palazzo Pant/Women Palazzo Pants/Rayon Palazzo/Free Size / 28-44 Inches/Jumbo Size / 40-58 Inches | Vesture Regular Fit Women's Cotton Rayon Casual Palazzo | Indigo Women's Synthetic Palazzo Bottom | DREAM & DZIRE Women's Viscose Golden Ethnic Palazzo for All Plus Size and Small Size","{'ClothingAccessories': '#1,33,459', 'WomensTrousers': '#1442', 'WomensChuridarSalwarBottoms': '#1872'}","{'Item_part_number': 'SCH-Plazzo-Beige', 'ASIN': 'B07J6S1MT2', 'Date_first_available_at_Amazon_in': '8 October 2018', 'Customer_Reviews': '3.8 out of 5 stars 8 customer reviews', 'Amazon_Bestsellers_Rank': ""#1,33,459 in Clothing & Accessories (See Top 100 in Clothing & Accessories) #1442 in\xa0Women's Trousers #1872 in\xa0Women's Churidar & Salwar Bottoms""}",SCH Regular Fit Women's Cotton Rayon Casual Palazzo,https://www.amazon.in/SCH-Regular-Womens-Cotton-Palazzo/dp/B07J6S1MT2/,3.9,474,"{'WomensTrousers': '#1442', 'WomensChuridarSalwarBottoms': '#1872'}","{'ClothingAccessories': '#1,33,459'}",A1XBGUYQOCVXGU,ac7bb4c50ea5ac3cbf923ffd0d4ab2e5,999999999
B07L88MXNP,Hangout Hub,1968123031,Black|White,2020-02-07 09:15:05 +0000,fulfilled_by_merchant,,https://images-na.ssl-images-amazon.com/images/I/41ijIQsHabL.jpg,,"Hangout Hub Cotton Mens Tshirts Shiva Tilak Printed for Brothers/Sibiling/Family/Friends,Ritson Services",,,,,Wear Your Opinion WYO Men's Graphic Printed Half Sleeve T-Shirt|Design-Shiva Tilak| Mahakal Shiva Shambhu Natraj Mahadev Trikal Tridev Trishul,"{'ClothingAccessories': '#6,53,136', 'MensT_Shirts': '#53094'}","{'Item_part_number': 'HangoutHub.PM60', 'ASIN': 'B07L88MXNP', 'Date_first_available_at_Amazon_in': '10 December 2018', 'Customer_Reviews': '5.0 out of 5 stars 1 customer review', 'Amazon_Bestsellers_Rank': ""#6,53,136 in Clothing & Accessories (See Top 100 in Clothing & Accessories) #53094 in\xa0Men's T-Shirts""}",Hangout Hub Cotton Mens Tshirts Shiva Tilak Printed for Brothers/Sibiling/Family/Friends,https://www.amazon.in/Hangout-Hub-Printed-T-Shirt-Friendship/dp/B07L87BC3H/,5,449,{'MensT_Shirts': '#53094'},"{'ClothingAccessories': '#6,53,136'}",,4cb1313b415abd5037d961f6e347a52e,999999999
B07QV1Z19H,Generic,1968013031,,2020-02-06 15:20:02 +0000,fulfilled_by_merchant,,https://images-na.ssl-images-amazon.com/images/I/51zmulnQJEL.jpg,,"Summer T-Shirts Blue Orange Green and Peach for Girl and Boy (Pack of 4),Generic",,,,,,"{'ClothingAccessories': '#6,43,402', 'GirlsT_Shirts': '#7299'}","{'Item_part_number': ""Piku's Store"", 'ASIN': 'B07QV1Z19H', 'Date_first_available_at_Amazon_in': '16 December 2018', 'Customer_Reviews': '5.0 out of 5 stars 3 customer reviews', 'Amazon_Bestsellers_Rank': ""#6,43,402 in Clothing & Accessories (See Top 100 in Clothing & Accessories) #7299 in\xa0Girls' T-Shirts""}",Summer T-Shirts Blue Orange Green and Peach for Girl and Boy (Pack of 4),https://www.amazon.in/Summer-T-Shirts-Orange-Green-Peach/dp/B07QV1Z42B/,5,520,{'GirlsT_Shirts': '#7299'},"{'ClothingAccessories': '#6,43,402'}",,13c3bd570c30d79b29cb6f7854e78072,999999999